{
  "model_name": "efficientnet_b4",
  "image_size": 224,
  "imagenet_mean": [
    0.485,
    0.456,
    0.406
  ],
  "imagenet_std": [
    0.229,
    0.224,
    0.225
  ],
  "threshold": 0.498291015625,
  "label_map": {
    "0": "REAL",
    "1": "FAKE"
  },
  "test_metrics": {
    "loss": 0.3101306285588972,
    "accuracy": 0.9421959476529735,
    "auc": 0.9855544289505159,
    "f1": 0.9570828331332533,
    "precision": 0.966510077284437,
    "recall": 0.9478377173428444
  },
  "trained_at": "2026-06-07T08:38:37.714231"
}